filename,lob,panel_id,SectionID,SectionName,CLASLabel,ScreenField,CLASField,Type,Required,Length,Allowkeys,Min-Max,Tooltip,enabled,DropdownValue,StoredValue,ErrorMessage,Comments
PFPolicyInput.aspx,LobCP,pnlPFPolicy,pnlPolInfo,,,pnlPolInfo,,ExpandCollapsePanelItem,,,,,,,,,,
PFPolicyInput.aspx,LobCP,pnlPFPolicy,pnlPolInfo, PROPERTY POLICY INFORMATION,1.)Deductible,ddlPfPolBldgDed,PfPolBldgDed/PfPolBldgLgDed/PfPolBppLgDed/PfPolBppDed,DropDownList,1.) True,,,,,,,,,
PFPolicyInput.aspx,LobCP,pnlPFPolicy,pnlPolInfo, PROPERTY POLICY INFORMATION,1.)Building Coinsurance,ddlpfpolbldgcoins,PfPolBldgCoins,DropDownList,1.) True,,,,"1.)Enter predominant business personal property coinsurance. (Valid entries: 80, 90, 100.)
2.)Enter predominant building coinsurance. (Valid entries: Flat, 80, 90, 100.)",,"1.)DataTableSource: Nothing,Text: value,Value: key,ControlAliasName: PROPERTY_COINSURANCE,iLookupApplicable: True,Policyeffectivedate:FormatDate(_sEffDate,Lob: DateFormatType.mmddyy).CL_ToDateTime,State:Common.getLineOfBusiness(LineOfBusiness.Property),isDepEligible:_sPredState,DepAliasName: False,DepValue: String.Empty,DependentKey: String.Empty

2.)DataTableSource: Nothing,Text: value,Value: key,ControlAliasName: PROPERTY_COINSURANCE,iLookupApplicable: True,Policyeffectivedate:FormatDate(_sEffDate,Lob: DateFormatType.mmddyy).CL_ToDateTime,State:Common.getLineOfBusiness(LineOfBusiness.Property),isDepEligible:STATE_CODE_COUNTRY_WIDE,DepAliasName: False,DepValue: String.Empty,DependentKey: String.Empty
",,,external function call
PFPolicyInput.aspx,LobCP,pnlPFPolicy,pnlPolInfo, PROPERTY POLICY INFORMATION,1.)Business Personal Property Coinsurance,ddlpfpolbppcoins,PfPolBppCoins,DropDownList,1.) True,,,,"1.)Enter predominant business personal property coinsurance. (Valid entries: 80, 90, 100.)
2.)Enter predominant business personal property coinsurance. (Valid entries: Flat, 80, 90, 100.)",,"1.)DataTableSource: Nothing,Text: value,Value: key,ControlAliasName: PROPERTY_COINSURANCE,iLookupApplicable: True,Policyeffectivedate:FormatDate(_sEffDate,Lob: DateFormatType.mmddyy).CL_ToDateTime,State:Common.getLineOfBusiness(LineOfBusiness.Property),isDepEligible:_sPredState,DepAliasName: False,DepValue: String.Empty,DependentKey: String.Empty

2.)DataTableSource: Nothing,Text: value,Value: key,ControlAliasName: PROPERTY_COINSURANCE,iLookupApplicable: True,Policyeffectivedate:FormatDate(_sEffDate,Lob: DateFormatType.mmddyy).CL_ToDateTime,State:Common.getLineOfBusiness(LineOfBusiness.Property),isDepEligible:STATE_CODE_COUNTRY_WIDE,DepAliasName: False,DepValue: String.Empty,DependentKey: String.Empty
",,,external function call
PFPolicyInput.aspx,LobCP,pnlPFPolicy,pnlPolInfo, PROPERTY POLICY INFORMATION,1.)Predominant Cause of Loss,ddlPFPolCol,PfPolCol,DropDownList,1.) True,,,,,,"1.)Proc name:usp_Select_PolicyCOLVAExpand, Key name:POLCOL, Paramater:Null",,,
PFPolicyInput.aspx,LobCP,pnlPFPolicy,pnlPolInfo, PROPERTY POLICY INFORMATION,"1.)Loss Free Years
2.)From the current policy inception date select the number of consecutive years the risk has been loss free (0, 1, 2, 3)",txtLossFreeYears,PfMiscMod2,TextBox,, 2, 0-9,,"1.) ""Enter the number of documented years this risk has been insured with no incurred losses.""",,,,,
PFPolicyInput.aspx,LobCP,pnlPFPolicy,pnlPolInfo, PROPERTY POLICY INFORMATION,"1.)Loss Free Years
2.)From the current policy inception date select the number of consecutive years the risk has been loss free (0, 1, 2, 3)",ddlLossFreeYr,PfMiscMod2,DropDownList,1.) True,,,,,,,,1.) Required,
PFPolicyInput.aspx,LobCP,pnlPFPolicy,pnlPolInfo, PROPERTY POLICY INFORMATION,1.)Institutional Risk/Public Rating,chkInstitutionalRisk,PfMisc2,CheckBox,,,,,"1.) ""Check box if Institutional Risk Rating Plan applies.""
2.) ""Check box if Public & Institutional Property Rate Plan applies.""",,,Checked = False,,
PFPolicyInput.aspx,LobCP,pnlPolDeductMain,pnlPolDeduct, PROPERTY POLICY INFORMATION,,pnlPolDeduct,,ExpandCollapsePanelItem,,,,,,,,,,
PFPolicyInput.aspx,LobCP,pnlPolDeductMain,pnlPolDeduct, Deductible Overrides,1.)Large Deductible Options,lLargeDeduct,,label,,,,,,,,,,
PFPolicyInput.aspx,LobCP,pnlPolDeductMain,pnlPolDeduct, Deductible Overrides,1.)Large Deductible,chkPfPolTypeL,PfPolType,CheckBox,,,,,"1.) ""Check box if ALL locations are subject to a large deductible""",,,,,
PFPolicyInput.aspx,LobCP,pnlPolDeductMain,pnlPolDeduct, Deductible Overrides,1.)Location Large Deductible,chkPfPolTypeX,PfPolType,CheckBox,,,,,"1.) ""Only check Location Large Deductible if locations have different Large Deductibles""",,,,,
PFPolicyInput.aspx,LobCP,pnlPolDeductMain,pnlPolDeduct, Deductible Overrides,1.)SIR,chkPfPolTypeS,PfPolType,CheckBox,,,,,,,,,,
PFPolicyInput.aspx,LobCP,pnlPolDeductMain,pnlPolDeduct, Deductible Overrides,1.)Policy Deductible Overrride,ddlPolDed,,DropDownList,,,,,,,"2.)Proc name:SELECT Help_Desc FROM PF_VALID_DEDUCTIBLES_LARGE,Key name:ISLAND_LARGEDED,Paramater:Null
2.)Proc name:SELECT Help_Desc FROM PF_VALID_DEDUCTIBLES_5,Key name:ISLAND_DED,Paramater:Null",,,
PFPolicyInput.aspx,LobCP,pnlPolDeductMain,pnlPolDeduct, Deductible Overrides,1.)Enter Rate Overrides,lEntRateOver,,label,,,,,,,,,,
PFPolicyInput.aspx,LobCP,pnlPolDeductMain,pnlPolDeduct, Deductible Overrides,1.)Basic Group I (BGI),txtPfPolBg1Ded,Check in the Javascript file,TextBox,, 5, 0-9.,,,,,,,
PFPolicyInput.aspx,LobCP,pnlPolDeductMain,pnlPolDeduct, Deductible Overrides,1.)Basic Group II (BGII),txtPfPolBg2Ded,Check in the Javascript file,TextBox,, 5, 0-9.,,,,,,,
PFPolicyInput.aspx,LobCP,pnlPolDeductMain,pnlPolDeduct, Deductible Overrides,1.)Other,txtPfPolOtherDed,Check in the Javascript file,TextBox,, 5, 0-9.,,,,,,,
PFPolicyInput.aspx,LobCP,pnlPolDeductMain,pnlPolDeduct, Deductible Overrides,,txtBG10,PfDedovr25000,TextBox,,,,,,,,,,
PFPolicyInput.aspx,LobCP,pnlPolDeductMain,pnlPolDeduct, Deductible Overrides,,txtBG20,PfDedovr25000a,TextBox,,,,,,,,,,
PFPolicyInput.aspx,LobCP,pnlPolDeductMain,pnlPolDeduct, Deductible Overrides,,txtBG30,PfDedovr25000b,TextBox,,,,,,,,,,
PFPolicyInput.aspx,LobCP,pnlPolDeductMain,pnlPolDeduct, Deductible Overrides,,txtBG11,PfDedovr50000,TextBox,,,,,,,,,,
PFPolicyInput.aspx,LobCP,pnlPolDeductMain,pnlPolDeduct, Deductible Overrides,,txtBG21,PfDedovr50000a,TextBox,,,,,,,,,,
PFPolicyInput.aspx,LobCP,pnlPolDeductMain,pnlPolDeduct, Deductible Overrides,,txtBG31,PfDedovr50000b,TextBox,,,,,,,,,,
PFPolicyInput.aspx,LobCP,pnlPolDeductMain,pnlPolDeduct, Deductible Overrides,,txtBG12,PfDedovr75000,TextBox,,,,,,,,,,
PFPolicyInput.aspx,LobCP,pnlPolDeductMain,pnlPolDeduct, Deductible Overrides,,txtBG22,PfDedovr75000a,TextBox,,,,,,,,,,
PFPolicyInput.aspx,LobCP,pnlPolDeductMain,pnlPolDeduct, Deductible Overrides,,txtBG32,PfDedovr75000b,TextBox,,,,,,,,,,
PFPolicyInput.aspx,LobCP,pnlPolDeductMain,pnlPolDeduct, Deductible Overrides,,txtBG13,PfDedovr100000,TextBox,,,,,,,,,,
PFPolicyInput.aspx,LobCP,pnlPolDeductMain,pnlPolDeduct, Deductible Overrides,,txtBG23,PfDedovr100000a,TextBox,,,,,,,,,,
PFPolicyInput.aspx,LobCP,pnlPolDeductMain,pnlPolDeduct, Deductible Overrides,,txtBG33,PfDedovr100000b,TextBox,,,,,,,,,,
PFPolicyInput.aspx,LobCP,pnlPolDeductMain,pnlPolDeduct, Deductible Overrides,,txtBG14,PfDedovr125000,TextBox,,,,,,,,,,
PFPolicyInput.aspx,LobCP,pnlPolDeductMain,pnlPolDeduct, Deductible Overrides,,txtBG24,PfDedovr125000a,TextBox,,,,,,,,,,
PFPolicyInput.aspx,LobCP,pnlPolDeductMain,pnlPolDeduct, Deductible Overrides,,txtBG34,PfDedovr125000b,TextBox,,,,,,,,,,
PFPolicyInput.aspx,LobCP,pnlPolDeductMain,pnlPolDeduct, Deductible Overrides,,txtBG15,PfDedovr150000,TextBox,,,,,,,,,,
PFPolicyInput.aspx,LobCP,pnlPolDeductMain,pnlPolDeduct, Deductible Overrides,,txtBG25,PfDedovr150000a,TextBox,,,,,,,,,,
PFPolicyInput.aspx,LobCP,pnlPolDeductMain,pnlPolDeduct, Deductible Overrides,,txtBG35,PfDedovr150000b,TextBox,,,,,,,,,,
PFPolicyInput.aspx,LobCP,pnlPolDeductMain,pnlPolDeduct, Deductible Overrides,,txtBG16,PfDedovr175000,TextBox,,,,,,,,,,
PFPolicyInput.aspx,LobCP,pnlPolDeductMain,pnlPolDeduct, Deductible Overrides,,txtBG26,PfDedovr175000a,TextBox,,,,,,,,,,
PFPolicyInput.aspx,LobCP,pnlPolDeductMain,pnlPolDeduct, Deductible Overrides,,txtBG36,PfDedovr175000b,TextBox,,,,,,,,,,
PFPolicyInput.aspx,LobCP,pnlPolDeductMain,pnlPolDeduct, Deductible Overrides,,txtBG17,PfDedovr200000,TextBox,,,,,,,,,,
PFPolicyInput.aspx,LobCP,pnlPolDeductMain,pnlPolDeduct, Deductible Overrides,,txtBG27,PfDedovr200000a,TextBox,,,,,,,,,,
PFPolicyInput.aspx,LobCP,pnlPolDeductMain,pnlPolDeduct, Deductible Overrides,,txtBG37,PfDedovr200000b,TextBox,,,,,,,,,,
PFPolicyInput.aspx,LobCP,pnlPolDeductMain,pnlPolDeduct, Deductible Overrides,,txtBG18,PfDedovr225000,TextBox,,,,,,,,,,
PFPolicyInput.aspx,LobCP,pnlPolDeductMain,pnlPolDeduct, Deductible Overrides,,txtBG28,PfDedovr225000a,TextBox,,,,,,,,,,
PFPolicyInput.aspx,LobCP,pnlPolDeductMain,pnlPolDeduct, Deductible Overrides,,txtBG38,PfDedovr225000b,TextBox,,,,,,,,,,
PFPolicyInput.aspx,LobCP,pnlPolDeductMain,pnlPolDeduct, Deductible Overrides,,txtBG19,PfDedovr250000,TextBox,,,,,,,,,,
PFPolicyInput.aspx,LobCP,pnlPolDeductMain,pnlPolDeduct, Deductible Overrides,,txtBG29,PfDedovr250000a,TextBox,,,,,,,,,,
PFPolicyInput.aspx,LobCP,pnlPolDeductMain,pnlPolDeduct, Deductible Overrides,,txtBG39,PfDedovr250000b,TextBox,,,,,,,,,,
PFPolicyInput.aspx,LobCP,pnlPolDeductMain,pnlPolDeduct, Deductible Overrides,,txtBG110,PfDedovr300000,TextBox,,,,,,,,,,
PFPolicyInput.aspx,LobCP,pnlPolDeductMain,pnlPolDeduct, Deductible Overrides,,txtBG210,PfDedovr300000a,TextBox,,,,,,,,,,
PFPolicyInput.aspx,LobCP,pnlPolDeductMain,pnlPolDeduct, Deductible Overrides,,txtBG310,PfDedovr300000b,TextBox,,,,,,,,,,
PFPolicyInput.aspx,LobCP,pnlPolDeductMain,pnlPolDeduct, Deductible Overrides,,txtBG111,PfDedovr350000,TextBox,,,,,,,,,,
PFPolicyInput.aspx,LobCP,pnlPolDeductMain,pnlPolDeduct, Deductible Overrides,,txtBG211,PfDedovr350000a,TextBox,,,,,,,,,,
PFPolicyInput.aspx,LobCP,pnlPolDeductMain,pnlPolDeduct, Deductible Overrides,,txtBG311,PfDedovr350000b,TextBox,,,,,,,,,,
PFPolicyInput.aspx,LobCP,pnlPolDeductMain,pnlPolDeduct, Deductible Overrides,,txtBG112,PfDedovr400000,TextBox,,,,,,,,,,
PFPolicyInput.aspx,LobCP,pnlPolDeductMain,pnlPolDeduct, Deductible Overrides,,txtBG212,PfDedovr400000a,TextBox,,,,,,,,,,
PFPolicyInput.aspx,LobCP,pnlPolDeductMain,pnlPolDeduct, Deductible Overrides,,txtBG312,PfDedovr400000b,TextBox,,,,,,,,,,
PFPolicyInput.aspx,LobCP,pnlPolDeductMain,pnlPolDeduct, Deductible Overrides,,txtBG113,PfDedovr450000,TextBox,,,,,,,,,,
PFPolicyInput.aspx,LobCP,pnlPolDeductMain,pnlPolDeduct, Deductible Overrides,,txtBG213,PfDedovr450000a,TextBox,,,,,,,,,,
PFPolicyInput.aspx,LobCP,pnlPolDeductMain,pnlPolDeduct, Deductible Overrides,,txtBG313,PfDedovr450000b,TextBox,,,,,,,,,,
PFPolicyInput.aspx,LobCP,pnlPolDeductMain,pnlPolDeduct, Deductible Overrides,,txtBG114,PfDedovr500000,TextBox,,,,,,,,,,
PFPolicyInput.aspx,LobCP,pnlPolDeductMain,pnlPolDeduct, Deductible Overrides,,txtBG214,PfDedovr500000a,TextBox,,,,,,,,,,
PFPolicyInput.aspx,LobCP,pnlPolDeductMain,pnlPolDeduct, Deductible Overrides,,txtBG314,PfDedovr500000b,TextBox,,,,,,,,,,
PFPolicyInput.aspx,LobCP,pnlPolDeductMain,pnlPolDeduct, Deductible Overrides,,txtBG115,PfDedovr550000,TextBox,,,,,,,,,,
PFPolicyInput.aspx,LobCP,pnlPolDeductMain,pnlPolDeduct, Deductible Overrides,,txtBG215,PfDedovr550000a,TextBox,,,,,,,,,,
PFPolicyInput.aspx,LobCP,pnlPolDeductMain,pnlPolDeduct, Deductible Overrides,,txtBG315,PfDedovr550000b,TextBox,,,,,,,,,,
PFPolicyInput.aspx,LobCP,pnlPolDeductMain,pnlPolDeduct, Deductible Overrides,,txtBG116,PfDedovr600000,TextBox,,,,,,,,,,
PFPolicyInput.aspx,LobCP,pnlPolDeductMain,pnlPolDeduct, Deductible Overrides,,txtBG216,PfDedovr600000a,TextBox,,,,,,,,,,
PFPolicyInput.aspx,LobCP,pnlPolDeductMain,pnlPolDeduct, Deductible Overrides,,txtBG316,PfDedovr600000b,TextBox,,,,,,,,,,
PFPolicyInput.aspx,LobCP,pnlPolDeductMain,pnlPolDeduct, Deductible Overrides,,txtBG117,PfDedovr650000,TextBox,,,,,,,,,,
PFPolicyInput.aspx,LobCP,pnlPolDeductMain,pnlPolDeduct, Deductible Overrides,,txtBG217,PfDedovr650000a,TextBox,,,,,,,,,,
PFPolicyInput.aspx,LobCP,pnlPolDeductMain,pnlPolDeduct, Deductible Overrides,,txtBG317,PfDedovr650000b,TextBox,,,,,,,,,,
PFPolicyInput.aspx,LobCP,pnlPolDeductMain,pnlPolDeduct, Deductible Overrides,,txtBG118,PfDedovr700000,TextBox,,,,,,,,,,
PFPolicyInput.aspx,LobCP,pnlPolDeductMain,pnlPolDeduct, Deductible Overrides,,txtBG218,PfDedovr700000a,TextBox,,,,,,,,,,
PFPolicyInput.aspx,LobCP,pnlPolDeductMain,pnlPolDeduct, Deductible Overrides,,txtBG318,PfDedovr700000b,TextBox,,,,,,,,,,
PFPolicyInput.aspx,LobCP,pnlPolDeductMain,pnlPolDeduct, Deductible Overrides,,txtBG119,PfDedovr750000,TextBox,,,,,,,,,,
PFPolicyInput.aspx,LobCP,pnlPolDeductMain,pnlPolDeduct, Deductible Overrides,,txtBG219,PfDedovr750000a,TextBox,,,,,,,,,,
PFPolicyInput.aspx,LobCP,pnlPolDeductMain,pnlPolDeduct, Deductible Overrides,,txtBG319,PfDedovr750000b,TextBox,,,,,,,,,,
PFPolicyInput.aspx,LobCP,pnlPolDeductMain,pnlPolDeduct, Deductible Overrides,,txtBG120,PfDedovr800000,TextBox,,,,,,,,,,
PFPolicyInput.aspx,LobCP,pnlPolDeductMain,pnlPolDeduct, Deductible Overrides,,txtBG220,PfDedovr800000a,TextBox,,,,,,,,,,
PFPolicyInput.aspx,LobCP,pnlPolDeductMain,pnlPolDeduct, Deductible Overrides,,txtBG320,PfDedovr800000b,TextBox,,,,,,,,,,
PFPolicyInput.aspx,LobCP,pnlPolDeductMain,pnlPolDeduct, Deductible Overrides,,txtBG121,PfDedovr850000,TextBox,,,,,,,,,,
PFPolicyInput.aspx,LobCP,pnlPolDeductMain,pnlPolDeduct, Deductible Overrides,,txtBG221,PfDedovr850000a,TextBox,,,,,,,,,,
PFPolicyInput.aspx,LobCP,pnlPolDeductMain,pnlPolDeduct, Deductible Overrides,,txtBG321,PfDedovr850000b,TextBox,,,,,,,,,,
PFPolicyInput.aspx,LobCP,pnlPolDeductMain,pnlPolDeduct, Deductible Overrides,,txtBG122,PfDedovr900000,TextBox,,,,,,,,,,
PFPolicyInput.aspx,LobCP,pnlPolDeductMain,pnlPolDeduct, Deductible Overrides,,txtBG222,PfDedovr900000a,TextBox,,,,,,,,,,
PFPolicyInput.aspx,LobCP,pnlPolDeductMain,pnlPolDeduct, Deductible Overrides,,txtBG322,PfDedovr900000b,TextBox,,,,,,,,,,
PFPolicyInput.aspx,LobCP,pnlPolDeductMain,pnlPolDeduct, Deductible Overrides,,txtBG123,PfDedovr950000,TextBox,,,,,,,,,,
PFPolicyInput.aspx,LobCP,pnlPolDeductMain,pnlPolDeduct, Deductible Overrides,,txtBG223,PfDedovr950000a,TextBox,,,,,,,,,,
PFPolicyInput.aspx,LobCP,pnlPolDeductMain,pnlPolDeduct, Deductible Overrides,,txtBG323,PfDedovr950000b,TextBox,,,,,,,,,,
PFPolicyInput.aspx,LobCP,pnlPolDeductMain,pnlPolDeduct, Deductible Overrides,,txtBG124,PfDedovr1000000,TextBox,,,,,,,,,,
PFPolicyInput.aspx,LobCP,pnlPolDeductMain,pnlPolDeduct, Deductible Overrides,,txtBG224,PfDedovr1000000a,TextBox,,,,,,,,,,
PFPolicyInput.aspx,LobCP,pnlPolDeductMain,pnlPolDeduct, Deductible Overrides,,txtBG324,PfDedovr1000000b,TextBox,,,,,,,,,,
PFPolicyInput.aspx,LobCP,pnlPolDeductMain,pnlPolDeduct, Deductible Overrides,,txtBG125,PfDedovrOther,TextBox,,,,,,,,,,
PFPolicyInput.aspx,LobCP,pnlPolDeductMain,pnlPolDeduct, Deductible Overrides,,txtBG225,PfDedovrOthera,TextBox,,,,,,,,,,
PFPolicyInput.aspx,LobCP,pnlPolDeductMain,pnlPolDeduct, Deductible Overrides,,txtBG325,PfDedovrOtherb,TextBox,,,,,,,,,,
PFPolicyInput.aspx,LobCP,pnlPolDeductMain,pnlPolDeduct, Deductible Overrides,,txtBG126,PfDedovr100,TextBox,,,,,,,,,,
PFPolicyInput.aspx,LobCP,pnlPolDeductMain,pnlPolDeduct, Deductible Overrides,,txtBG226,PfDedovr100a,TextBox,,,,,,,,,,
PFPolicyInput.aspx,LobCP,pnlPolDeductMain,pnlPolDeduct, Deductible Overrides,,txtBG326,PfDedovr100b,TextBox,,,,,,,,,,
PFPolicyInput.aspx,LobCP,pnlPolDeductMain,pnlPolDeduct, Deductible Overrides,,txtBG127,PfDedovr250,TextBox,,,,,,,,,,
PFPolicyInput.aspx,LobCP,pnlPolDeductMain,pnlPolDeduct, Deductible Overrides,,txtBG227,PfDedovr250a,TextBox,,,,,,,,,,
PFPolicyInput.aspx,LobCP,pnlPolDeductMain,pnlPolDeduct, Deductible Overrides,,txtBG327,PfDedovr250b,TextBox,,,,,,,,,,
PFPolicyInput.aspx,LobCP,pnlPolDeductMain,pnlPolDeduct, Deductible Overrides,,txtBG128,PfDedovr500,TextBox,,,,,,,,,,
PFPolicyInput.aspx,LobCP,pnlPolDeductMain,pnlPolDeduct, Deductible Overrides,,txtBG228,PfDedovr500a,TextBox,,,,,,,,,,
PFPolicyInput.aspx,LobCP,pnlPolDeductMain,pnlPolDeduct, Deductible Overrides,,txtBG328,PfDedovr500b,TextBox,,,,,,,,,,
PFPolicyInput.aspx,LobCP,pnlPolDeductMain,pnlPolDeduct, Deductible Overrides,,txtBG129,PfDedovr1000,TextBox,,,,,,,,,,
PFPolicyInput.aspx,LobCP,pnlPolDeductMain,pnlPolDeduct, Deductible Overrides,,txtBG229,PfDedovr1000a,TextBox,,,,,,,,,,
PFPolicyInput.aspx,LobCP,pnlPolDeductMain,pnlPolDeduct, Deductible Overrides,,txtBG329,PfDedovr1000b,TextBox,,,,,,,,,,
PFPolicyInput.aspx,LobCP,pnlPolDeductMain,pnlPolDeduct, Deductible Overrides,,txtBG130,PfDedovr2500,TextBox,,,,,,,,,,
PFPolicyInput.aspx,LobCP,pnlPolDeductMain,pnlPolDeduct, Deductible Overrides,,txtBG230,PfDedovr2500a,TextBox,,,,,,,,,,
PFPolicyInput.aspx,LobCP,pnlPolDeductMain,pnlPolDeduct, Deductible Overrides,,txtBG330,PfDedovr2500b,TextBox,,,,,,,,,,
PFPolicyInput.aspx,LobCP,pnlPolDeductMain,pnlPolDeduct, Deductible Overrides,,txtBG131,PfDedovr3000,TextBox,,,,,,,,,,
PFPolicyInput.aspx,LobCP,pnlPolDeductMain,pnlPolDeduct, Deductible Overrides,,txtBG231,PfDedovr3000a,TextBox,,,,,,,,,,
PFPolicyInput.aspx,LobCP,pnlPolDeductMain,pnlPolDeduct, Deductible Overrides,,txtBG331,PfDedovr3000b,TextBox,,,,,,,,,,
PFPolicyInput.aspx,LobCP,pnlPolDeductMain,pnlPolDeduct, Deductible Overrides,,txtBG132,PfDedovr5000,TextBox,,,,,,,,,,
PFPolicyInput.aspx,LobCP,pnlPolDeductMain,pnlPolDeduct, Deductible Overrides,,txtBG232,PfDedovr5000a,TextBox,,,,,,,,,,
PFPolicyInput.aspx,LobCP,pnlPolDeductMain,pnlPolDeduct, Deductible Overrides,,txtBG332,PfDedovr5000b,TextBox,,,,,,,,,,
PFPolicyInput.aspx,LobCP,pnlPolDeductMain,pnlPolDeduct, Deductible Overrides,,txtBG133,PfDedovr10000,TextBox,,,,,,,,,,
PFPolicyInput.aspx,LobCP,pnlPolDeductMain,pnlPolDeduct, Deductible Overrides,,txtBG233,PfDedovr10000a,TextBox,,,,,,,,,,
PFPolicyInput.aspx,LobCP,pnlPolDeductMain,pnlPolDeduct, Deductible Overrides,,txtBG333,PfDedovr10000b,TextBox,,,,,,,,,,
PFPolicyInput.aspx,LobCP,pnlPolDeductMain,pnlPolDeduct, Deductible Overrides,,txtBG134,PfDedovr15000,TextBox,,,,,,,,,,
PFPolicyInput.aspx,LobCP,pnlPolDeductMain,pnlPolDeduct, Deductible Overrides,,txtBG234,PfDedovr15000a,TextBox,,,,,,,,,,
PFPolicyInput.aspx,LobCP,pnlPolDeductMain,pnlPolDeduct, Deductible Overrides,,txtBG334,PfDedovr15000b,TextBox,,,,,,,,,,
PFPolicyInput.aspx,LobCP,pnlPolDeductMain,pnlPolDeduct, Deductible Overrides,,txtBG135,PfDedovr20000,TextBox,,,,,,,,,,
PFPolicyInput.aspx,LobCP,pnlPolDeductMain,pnlPolDeduct, Deductible Overrides,,txtBG235,PfDedovr20000a,TextBox,,,,,,,,,,
PFPolicyInput.aspx,LobCP,pnlPolDeductMain,pnlPolDeduct, Deductible Overrides,,txtBG335,PfDedovr20000b,TextBox,,,,,,,,,,
PFPolicyInput.aspx,LobCP,pnlPolDeductMain,pnlPolDeduct, Deductible Overrides,,txtBG136,PfDedovr25000,TextBox,,,,,,,,,,
PFPolicyInput.aspx,LobCP,pnlPolDeductMain,pnlPolDeduct, Deductible Overrides,,txtBG236,PfDedovr25000a,TextBox,,,,,,,,,,
PFPolicyInput.aspx,LobCP,pnlPolDeductMain,pnlPolDeduct, Deductible Overrides,,txtBG336,PfDedovr25000b,TextBox,,,,,,,,,,
PFPolicyInput.aspx,LobCP,pnlPolDeductMain,pnlPolDeduct, Deductible Overrides,,txtBG137,PfDedovr50000,TextBox,,,,,,,,,,
PFPolicyInput.aspx,LobCP,pnlPolDeductMain,pnlPolDeduct, Deductible Overrides,,txtBG237,PfDedovr50000a,TextBox,,,,,,,,,,
PFPolicyInput.aspx,LobCP,pnlPolDeductMain,pnlPolDeduct, Deductible Overrides,,txtBG337,PfDedovr50000b,TextBox,,,,,,,,,,
PFPolicyInput.aspx,LobCP,pnlPolDeductMain,pnlPolDeduct, Deductible Overrides,,txtBG138,PfDedovr75000,TextBox,,,,,,,,,,
PFPolicyInput.aspx,LobCP,pnlPolDeductMain,pnlPolDeduct, Deductible Overrides,,txtBG238,PfDedovr75000a,TextBox,,,,,,,,,,
PFPolicyInput.aspx,LobCP,pnlPolDeductMain,pnlPolDeduct, Deductible Overrides,,txtBG338,PfDedovr75000b,TextBox,,,,,,,,,,
PFPolicyInput.aspx,LobCP,pnlPolDeductMain,pnlPolDeduct, Deductible Overrides,,txtBG139,PfDedovr100000,TextBox,,,,,,,,,,
PFPolicyInput.aspx,LobCP,pnlPolDeductMain,pnlPolDeduct, Deductible Overrides,,txtBG239,PfDedovr100000a,TextBox,,,,,,,,,,
PFPolicyInput.aspx,LobCP,pnlPolDeductMain,pnlPolDeduct, Deductible Overrides,,txtBG339,PfDedovr100000b,TextBox,,,,,,,,,,
PFPolicyInput.aspx,LobCP,pnlPolDeductMain,pnlPolDeduct, Deductible Overrides,,txtBG140,PfDedovr250000,TextBox,,,,,,,,,,
PFPolicyInput.aspx,LobCP,pnlPolDeductMain,pnlPolDeduct, Deductible Overrides,,txtBG240,PfDedovr250000a,TextBox,,,,,,,,,,
PFPolicyInput.aspx,LobCP,pnlPolDeductMain,pnlPolDeduct, Deductible Overrides,,txtBG340,PfDedovr250000b,TextBox,,,,,,,,,,
PFPolicyInput.aspx,LobCP,pnlPolDeductMain,pnlPolDeduct, Deductible Overrides,,txtBG141,PfDedovrOther,TextBox,,,,,,,,,,
PFPolicyInput.aspx,LobCP,pnlPolDeductMain,pnlPolDeduct, Deductible Overrides,,txtBG241,PfDedovrOthera,TextBox,,,,,,,,,,
PFPolicyInput.aspx,LobCP,pnlPolDeductMain,pnlPolDeduct, Deductible Overrides,,txtBG341,PfDedovrOtherb,TextBox,,,,,,,,,,
PFPolicyInput.aspx,LobCP,pnlPFPolicy,pnlPolSpecialRating, PROPERTY POLICY INFORMATION,,pnlPolSpecialRating,,ExpandCollapsePanelItem,,,,,,,,,,
PFPolicyInput.aspx,LobCP,pnlPolBlanket1Main,pnlPolBlanket1, BLANKET RATING,,pnlPolBlanket1,,ExpandCollapsePanelItem,,,,,,.InitialClientVisibility = True,,,,
PFPolicyInput.aspx,LobCP,pnlPolBlanket1Main,pnlPolBlanket1, BLANKET GROUP #1,1.)Blanket Type,ddlPfBlktTyp1,PfBlktTyp1,DropDownList,,,,,"1.) ""Enter Blanket #1 Coverage.""",,," Code
",,
PFPolicyInput.aspx,LobCP,pnlPolBlanket1Main,pnlPolBlanket1, BLANKET GROUP #1,1.)Optional Margin Clause,ddlOptMarginClause1,PFIsoMcBlkt1,DropDownList,,,,,,,," Value
",,
PFPolicyInput.aspx,LobCP,pnlPolBlanket1Main,pnlPolBlanket1, BLANKET GROUP #1,1.)Optional Margin Clause Percent,ddlOptMarginClausePercent1,PFIsoMcPctBlkt1,DropDownList,1.) True,,,,"1.) ""Select margin Clause Percent""",,," Desc2
",,
PFPolicyInput.aspx,LobCP,pnlPolBlanket1Main,pnlPolBlanket1, BLANKET GROUP #1,1.)Agreed Value,chkPfBlktAgrdVal1,PfBlktAgrdVal1,CheckBox,,,,,"1.) ""Check box if Agreed Value is requested.""",,,Y,,
PFPolicyInput.aspx,LobCP,pnlPolBlanket1Main,pnlPolBlanket1, BLANKET GROUP #1,,lblddlPfBlktCnsOvrd1,,label,,,,,,,,,,
PFPolicyInput.aspx,LobCP,pnlPolBlanket1Main,pnlPolBlanket1, BLANKET GROUP #1,,ddlPfBlktCnsOvrd1,PfBlktCnsOvrd1,DropDownList,,,,,,,," Coins
, Code
",,
PFPolicyInput.aspx,LobCP,pnlPolBlanket1Main,pnlPolBlanket1, BLANKET GROUP #1,1.)Optional Earthquake:,lEQBlanket1,,label,,,,,,,,,,
PFPolicyInput.aspx,LobCP,pnlPolBlanket1Main,pnlPolBlanket1, BLANKET GROUP #1,1.)Full Coverage,chkPfBlktFullEq1,PfBlktFullEq1,CheckBox,,,,,"1.) ""Check box if EQ Full Coverage applies.""",,,Y,,
PFPolicyInput.aspx,LobCP,pnlPolBlanket1Main,pnlPolBlanket1, BLANKET GROUP #1,1.)Sub-Limit Coverage,ddlPfBlktSubLimEq1,PfBlktSubLimEq1,DropDownList,,,,,,,,,,
PFPolicyInput.aspx,LobCP,pnlPolBlanket1Main,pnlPolBlanket1, BLANKET GROUP #1,1.)Blanket Limits - Building and BPP,lBlankLimit1,,label,,,,,,,,,,
PFPolicyInput.aspx,LobCP,pnlPolBlanket1Main,pnlPolBlanket1, BLANKET GROUP #1,,chkLim1001,PfBlktLimit1,CheckBox,,,,,"1.) ""Check box if blanket limit is 100% of total values.""",,,,,
PFPolicyInput.aspx,LobCP,pnlPolBlanket1Main,pnlPolBlanket1, BLANKET GROUP #1,1.)Blanket Limit 100% of Total Values,txtLim1001,PfBlktLimit1,TextBox,, 13,,,,,,,,
PFPolicyInput.aspx,LobCP,pnlPolBlanket1Main,pnlPolBlanket1, BLANKET GROUP #1,,chkLim901,PfBlktLimit1,CheckBox,,,,,"1.) ""Check box if blanket limit is 90% of total values.""",,,,,
PFPolicyInput.aspx,LobCP,pnlPolBlanket1Main,pnlPolBlanket1, BLANKET GROUP #1,1.)Blanket Limit 90% of Total Values,txtLim901,PfBlktLimit1,TextBox,, 13,,,,,,,,
PFPolicyInput.aspx,LobCP,pnlPolBlanket1Main,pnlPolBlanket1, BLANKET GROUP #1,,chkLimInput1,PfBlktLimit1,CheckBox,,,,,"1.) ""Check box if entering blanket limit.""",,,,,
PFPolicyInput.aspx,LobCP,pnlPolBlanket1Main,pnlPolBlanket1, BLANKET GROUP #1,1.)Input Blanket Limit,txtLimInput1,PfBlktLimit1,TextBox,, 13," 0-9,",,"1.) ""Enter Blanket #1 Limit.""",,,,,
PFPolicyInput.aspx,LobCP,pnlPolBlanket1Main,pnlPolBlanket1, BLANKET GROUP #1,1.)Blanket Limits - Time Element,lblBlanket1TE,,label,,,,,,,,,,
PFPolicyInput.aspx,LobCP,pnlPolBlanket1Main,pnlPolBlanket1, BLANKET GROUP #1,1.)Blanket Limit for Time Element Rated By Value,txtLimVal1,PfBlktLimit1,TextBox,, 13,,,,,,,,
PFPolicyInput.aspx,LobCP,pnlPolBlanket1Main,pnlPolBlanket1, BLANKET GROUP #1,1.)Blanket Limit for Time Element Rated By Area,txtLimArea1,PfBlktLimit1,TextBox,, 13," 0-9,",,"1.) ""Enter Blanket #1 Limit.""",,,,,
PFPolicyInput.aspx,LobCP,pnlPolBlanket2Main,pnlPolBlanket2, BLANKET RATING,,pnlPolBlanket2,,ExpandCollapsePanelItem,,,,,,".InitialClientVisibility = True
.InitialClientVisibility = False",,,,
PFPolicyInput.aspx,LobCP,pnlPolBlanket2Main,pnlPolBlanket2, BLANKET GROUP #2,1.)Blanket Type,ddlPfBlktTyp2,PfBlktTyp2,DropDownList,,,,,"1.) ""Enter Blanket #2 Coverage.""",,," Code
",,
PFPolicyInput.aspx,LobCP,pnlPolBlanket2Main,pnlPolBlanket2, BLANKET GROUP #2,1.)Optional Margin Clause,ddlOptMarginClause2,PFIsoMcBlkt2,DropDownList,,,,,,,," Value
",,
PFPolicyInput.aspx,LobCP,pnlPolBlanket2Main,pnlPolBlanket2, BLANKET GROUP #2,1.)Optional Margin Clause Percent,ddlOptMarginClausePercent2,PFIsoMcPctBlkt2,DropDownList,1.) True,,,,"1.) ""Select margin Clause Percent""",,," Desc2
",,
PFPolicyInput.aspx,LobCP,pnlPolBlanket2Main,pnlPolBlanket2, BLANKET GROUP #2,1.)Agreed Value,chkPfBlktAgrdVal2,PfBlktAgrdVal2,CheckBox,,,,,"1.) ""Check box if Agreed Value is requested.""",,,Y,,
PFPolicyInput.aspx,LobCP,pnlPolBlanket2Main,pnlPolBlanket2, BLANKET GROUP #2,,lblddlPfBlktCnsOvrd2,,label,,,,,,,,,,
PFPolicyInput.aspx,LobCP,pnlPolBlanket2Main,pnlPolBlanket2, BLANKET GROUP #2,,ddlPfBlktCnsOvrd2,PfBlktCnsOvrd2,DropDownList,,,,,,,," Coins
, Code
",,
PFPolicyInput.aspx,LobCP,pnlPolBlanket2Main,pnlPolBlanket2, BLANKET GROUP #2,1.)Optional Earthquake:,lEQBlanket2,,label,,,,,,,,,,
PFPolicyInput.aspx,LobCP,pnlPolBlanket2Main,pnlPolBlanket2, BLANKET GROUP #2,1.)Full Coverage,chkPfBlktFullEq2,PfBlktFullEq2,CheckBox,,,,,"1.) ""Check box if EQ Full Coverage applies.""",,,Y,,
PFPolicyInput.aspx,LobCP,pnlPolBlanket2Main,pnlPolBlanket2, BLANKET GROUP #2,1.)Sub-Limit Coverage,ddlPfBlktSubLimEq2,PfBlktSubLimEq2,DropDownList,,,,,,,,,,
PFPolicyInput.aspx,LobCP,pnlPolBlanket2Main,pnlPolBlanket2, BLANKET GROUP #2,1.)Blanket Limits - Building and BPP,lBlankLimit2,,label,,,,,,,,,,
PFPolicyInput.aspx,LobCP,pnlPolBlanket2Main,pnlPolBlanket2, BLANKET GROUP #2,,chkLim1002,PfBlktLim2,CheckBox,,,,,"1.) ""Check box if blanket limit is 100% of total values.""",,,,,
PFPolicyInput.aspx,LobCP,pnlPolBlanket2Main,pnlPolBlanket2, BLANKET GROUP #2,1.)Blanket Limit 100% of Total Values,txtLim1002,PfBlktLim2,TextBox,, 13,,,,,,,,
PFPolicyInput.aspx,LobCP,pnlPolBlanket2Main,pnlPolBlanket2, BLANKET GROUP #2,,chkLim902,PfBlktLim2,CheckBox,,,,,"1.) ""Check box if blanket limit is 90% of total values.""",,,,,
PFPolicyInput.aspx,LobCP,pnlPolBlanket2Main,pnlPolBlanket2, BLANKET GROUP #2,1.)Blanket Limit 90% of Total Values,txtLim902,PfBlktLim2,TextBox,, 13,,,,,,,,
PFPolicyInput.aspx,LobCP,pnlPolBlanket2Main,pnlPolBlanket2, BLANKET GROUP #2,,chkLimInput2,PfBlktLim2,CheckBox,,,,,"1.) ""Check box if entering blanket limit.""",,,,,
PFPolicyInput.aspx,LobCP,pnlPolBlanket2Main,pnlPolBlanket2, BLANKET GROUP #2,1.)Input Blanket Limit,txtLimInput2,PfBlktLim2,TextBox,, 13," 0-9,",,"1.) ""Enter Blanket #2 Limit.""",,,,,
PFPolicyInput.aspx,LobCP,pnlPolBlanket2Main,pnlPolBlanket2, BLANKET GROUP #2,1.)Blanket Limits - Time Element,lblBlanket2TE,,label,,,,,,,,,,
PFPolicyInput.aspx,LobCP,pnlPolBlanket2Main,pnlPolBlanket2, BLANKET GROUP #2,1.)Blanket Limit for Time Element Rated By Value,txtLimVal2,PfBlktLim2,TextBox,, 13,,,,,,,,
PFPolicyInput.aspx,LobCP,pnlPolBlanket2Main,pnlPolBlanket2, BLANKET GROUP #2,1.)Blanket Limit for Time Element Rated By Area,txtLimArea2,PfBlktLim2,TextBox,, 13," 0-9,",,"1.) ""Enter Blanket #2 Limit.""",,,,,
PFPolicyInput.aspx,LobCP,pnlPolBlanket3Main,pnlPolBlanket3, BLANKET RATING,,pnlPolBlanket3,,ExpandCollapsePanelItem,,,,,,".InitialClientVisibility = True
.InitialClientVisibility = False",,,,
PFPolicyInput.aspx,LobCP,pnlPolBlanket3Main,pnlPolBlanket3, BLANKET GROUP #3,1.)Blanket Type,ddlPfBlktTyp3,PfBlktTyp3,DropDownList,,,,,"1.) ""Enter Blanket #3 Coverage.""",,," Code
",,
PFPolicyInput.aspx,LobCP,pnlPolBlanket3Main,pnlPolBlanket3, BLANKET GROUP #3,1.)Optional Margin Clause,ddlOptMarginClause3,PFIsoMcBlkt3,DropDownList,,,,,,,," Value
",,
PFPolicyInput.aspx,LobCP,pnlPolBlanket3Main,pnlPolBlanket3, BLANKET GROUP #3,1.)Optional Margin Clause Percent,ddlOptMarginClausePercent3,PFIsoMcPctBlkt3,DropDownList,1.) True,,,,"1.) ""Select margin Clause Percent""",,," Desc2
",,
PFPolicyInput.aspx,LobCP,pnlPolBlanket3Main,pnlPolBlanket3, BLANKET GROUP #3,1.)Agreed Value,chkPfBlktAgrdVal3,PfBlktAgrdVal3,CheckBox,,,,,"1.) ""Check box if Agreed Value is requested.""",,,Y,,
PFPolicyInput.aspx,LobCP,pnlPolBlanket3Main,pnlPolBlanket3, BLANKET GROUP #3,1.)Coinsurance Override,ddlPfBlktCnsOvrd3,PfBlktCnsOvrd3,DropDownList,,,,,,,," Coins
, Code
",,
PFPolicyInput.aspx,LobCP,pnlPolBlanket3Main,pnlPolBlanket3, BLANKET GROUP #3,1.)Optional Earthquake:,lEQBlanket3,,label,,,,,,,,,,
PFPolicyInput.aspx,LobCP,pnlPolBlanket3Main,pnlPolBlanket3, BLANKET GROUP #3,1.)Full Coverage,chkPfBlktFullEq3,PfBlktFullEq3,CheckBox,,,,,"1.) ""Check box if EQ Full Coverage applies.""",,,Y,,
PFPolicyInput.aspx,LobCP,pnlPolBlanket3Main,pnlPolBlanket3, BLANKET GROUP #3,1.)Sub-Limit Coverage,ddlPfBlktSubLimEq3,PfBlktSubLimEq3,DropDownList,,,,,,,,,,
PFPolicyInput.aspx,LobCP,pnlPolBlanket3Main,pnlPolBlanket3, BLANKET GROUP #3,1.)Blanket Limits - Building and BPP,lBlankLimit3,,label,,,,,,,,,,
PFPolicyInput.aspx,LobCP,pnlPolBlanket3Main,pnlPolBlanket3, BLANKET GROUP #3,,chkLim1003,PfBlktLim3,CheckBox,,,,,"1.) ""Check box if blanket limit is 100% of total values.""",,,,,
PFPolicyInput.aspx,LobCP,pnlPolBlanket3Main,pnlPolBlanket3, BLANKET GROUP #3,1.)Blanket Limit 100% of Total Values,txtLim1003,PfBlktLim3,TextBox,, 13,,,,,,,,
PFPolicyInput.aspx,LobCP,pnlPolBlanket3Main,pnlPolBlanket3, BLANKET GROUP #3,,chkLim903,PfBlktLim3,CheckBox,,,,,"1.) ""Check box if blanket limit is 90% of total values.""",,,,,
PFPolicyInput.aspx,LobCP,pnlPolBlanket3Main,pnlPolBlanket3, BLANKET GROUP #3,1.)Blanket Limit 90% of Total Values,txtLim903,PfBlktLim3,TextBox,, 13,,,,,,,,
PFPolicyInput.aspx,LobCP,pnlPolBlanket3Main,pnlPolBlanket3, BLANKET GROUP #3,,chkLimInput3,PfBlktLim3,CheckBox,,,,,"1.) ""Check box if entering blanket limit.""",,,,,
PFPolicyInput.aspx,LobCP,pnlPolBlanket3Main,pnlPolBlanket3, BLANKET GROUP #3,1.)Input Blanket Limit,txtLimInput3,PfBlktLim3,TextBox,, 13," 0-9,",,"1.) ""Enter Blanket #3 Limit.""",,,,,
PFPolicyInput.aspx,LobCP,pnlPolBlanket3Main,pnlPolBlanket3, BLANKET GROUP #3,1.)Blanket Limits - Time Element,lblBlanket3TE,,label,,,,,,,,,,
PFPolicyInput.aspx,LobCP,pnlPolBlanket3Main,pnlPolBlanket3, BLANKET GROUP #3,1.)Blanket Limit for Time Element Rated By Value,txtLimVal3,PfBlktLim3,TextBox,, 13,,,,,,,,
PFPolicyInput.aspx,LobCP,pnlPolBlanket3Main,pnlPolBlanket3, BLANKET GROUP #3,1.)Blanket Limit for Time Element Rated By Area,txtLimArea3,PfBlktLim3,TextBox,, 13," 0-9,",,"1.) ""Enter Blanket #3 Limit.""",,,,,
PFPolicyInput.aspx,LobCP,pnlPolBlanket4Main,pnlPolBlanket4, BLANKET RATING,,pnlPolBlanket4,,ExpandCollapsePanelItem,,,,,,".InitialClientVisibility = True
.InitialClientVisibility = False",,,,
PFPolicyInput.aspx,LobCP,pnlPolBlanket4Main,pnlPolBlanket4, BLANKET GROUP #4,1.)Blanket Type,ddlPfBlktTyp4,PfBlktTyp4,DropDownList,,,,,"1.) ""Enter Blanket #4 Coverage.""",,," Code
",,
PFPolicyInput.aspx,LobCP,pnlPolBlanket4Main,pnlPolBlanket4, BLANKET GROUP #4,1.)Optional Margin Clause,ddlOptMarginClause4,PFIsoMcBlkt4,DropDownList,,,,,,,," Value
",,
PFPolicyInput.aspx,LobCP,pnlPolBlanket4Main,pnlPolBlanket4, BLANKET GROUP #4,1.)Optional Margin Clause Percent,ddlOptMarginClausePercent4,PFIsoMcPctBlkt4,DropDownList,1.) True,,,,"1.) ""Select margin Clause Percent""",,," Desc2
",,
PFPolicyInput.aspx,LobCP,pnlPolBlanket4Main,pnlPolBlanket4, BLANKET GROUP #4,1.)Agreed Value,chkPfBlktAgrdVal4,PfBlktAgrdVal4,CheckBox,,,,,"1.) ""Check box if Agreed Value is requested.""",,,Y,,
PFPolicyInput.aspx,LobCP,pnlPolBlanket4Main,pnlPolBlanket4, BLANKET GROUP #4,1.)Coinsurance Override,ddlPfBlktCnsOvrd4,PfBlktCnsOvrd4,DropDownList,,,,,,,," Coins
, Code
",,
PFPolicyInput.aspx,LobCP,pnlPolBlanket4Main,pnlPolBlanket4, BLANKET GROUP #4,1.)Optional Earthquake:,lEQBlanket4,,label,,,,,,,,,,
PFPolicyInput.aspx,LobCP,pnlPolBlanket4Main,pnlPolBlanket4, BLANKET GROUP #4,1.)Full Coverage,chkPfBlktFullEq4,PfBlktFullEq4,CheckBox,,,,,"1.) ""Check box if EQ Full Coverage applies.""",,,Y,,
PFPolicyInput.aspx,LobCP,pnlPolBlanket4Main,pnlPolBlanket4, BLANKET GROUP #4,1.)Sub-Limit Coverage,ddlPfBlktSubLimEq4,PfBlktSubLimEq4,DropDownList,,,,,,,,,,
PFPolicyInput.aspx,LobCP,pnlPolBlanket4Main,pnlPolBlanket4, BLANKET GROUP #4,1.)Blanket Limits - Building and BPP,lBlankLimit4,,label,,,,,,,,,,
PFPolicyInput.aspx,LobCP,pnlPolBlanket4Main,pnlPolBlanket4, BLANKET GROUP #4,,chkLim1004,PfBlktLim4,CheckBox,,,,,"1.) ""Check box if blanket limit is 100% of total values.""",,,,,
PFPolicyInput.aspx,LobCP,pnlPolBlanket4Main,pnlPolBlanket4, BLANKET GROUP #4,1.)Blanket Limit 100% of Total Values,txtLim1004,PfBlktLim4,TextBox,, 13,,,,,,,,
PFPolicyInput.aspx,LobCP,pnlPolBlanket4Main,pnlPolBlanket4, BLANKET GROUP #4,,chkLim904,PfBlktLim4,CheckBox,,,,,"1.) ""Check box if blanket limit is 90% of total values.""",,,,,
PFPolicyInput.aspx,LobCP,pnlPolBlanket4Main,pnlPolBlanket4, BLANKET GROUP #4,1.)Blanket Limit 90% of Total Values,txtLim904,PfBlktLim4,TextBox,, 13,,,,,,,,
PFPolicyInput.aspx,LobCP,pnlPolBlanket4Main,pnlPolBlanket4, BLANKET GROUP #4,,chkLimInput4,PfBlktLim4,CheckBox,,,,,"1.) ""Check box if entering blanket limit.""",,,,,
PFPolicyInput.aspx,LobCP,pnlPolBlanket4Main,pnlPolBlanket4, BLANKET GROUP #4,1.)Input Blanket Limit,txtLimInput4,PfBlktLim4,TextBox,, 13," 0-9,",,"1.) ""Enter Blanket #4 Limit.""",,,,,
PFPolicyInput.aspx,LobCP,pnlPolBlanket4Main,pnlPolBlanket4, BLANKET GROUP #4,1.)Blanket Limits - Time Element,lblBlanket4TE,,label,,,,,,,,,,
PFPolicyInput.aspx,LobCP,pnlPolBlanket4Main,pnlPolBlanket4, BLANKET GROUP #4,1.)Blanket Limit for Time Element Rated By Value,txtLimVal4,PfBlktLim4,TextBox,, 13,,,,,,,,
PFPolicyInput.aspx,LobCP,pnlPolBlanket4Main,pnlPolBlanket4, BLANKET GROUP #4,1.)Blanket Limit for Time Element Rated By Area,txtLimArea4,PfBlktLim4,TextBox,, 13," 0-9,",,"1.) ""Enter Blanket #4 Limit.""",,,,,
PFPolicyInput.aspx,LobCP,pnlPFPolicy,pnlPriorCarrier, BLANKET RATING,,pnlPriorCarrier,,ExpandCollapsePanelItem,,,,,,,,,,
PFPolicyInput.aspx,LobCP,pnlPFPolicy,pnlPriorCarrier, Prior Carrier For Property,1.)Prior Carrier ,ddlPriorCarrier,,DropDownList,"1.) True
2.) True",,,,"1.) ""Select the LOB Prior Carrier.""",,,,,
PFPolicyInput.aspx,LobCP,pnlPFPolicy,pnlStates, Prior Carrier For Property,,pnlStates,,ExpandCollapsePanelItem,,,,,,,,,,
PFPolicyInput.aspx,LobCP,pnlPFPolicy,pnlPolSystemPowerPac, Prior Carrier For Property,,pnlPolSystemPowerPac,,ExpandCollapsePanelItem,,,,,,,,,,
PFPolicyInput.aspx,LobCP,pnlPFPolicy,pnlPolSystemPowerPac, SYSTEMS POWER PAC COVERAGE,1.)CLAS Rated,chkCLASRated,"1.)PfPPClasRated
2.)PfPPOptOut
3.)PfPPHSBRated",CheckBox,,,,,"1.) ""Check if Policy is Power Pac Clas Rated.""",,,,,
PFPolicyInput.aspx,LobCP,pnlPFPolicy,pnlPolSystemPowerPac, SYSTEMS POWER PAC COVERAGE,1.)HSB Rated,chkHSBRated,PfPPHSBRated,CheckBox,,,,,"1.) ""Check if Policy is Power Pac HSB Rated.""",,,,,
PFPolicyInput.aspx,LobCP,pnlPFPolicy,pnlPolSystemPowerPac, SYSTEMS POWER PAC COVERAGE,1.)Opt Out,chkHSBOptOut,,CheckBox,,,,,"1.) ""Check to Opt Out of Power Pac.""",,,,,
PFPolicyInput.aspx,LobCP,pnlPFPolicy,pnlPolSystemPowerPac, SYSTEMS POWER PAC COVERAGE,1.)Reason,ddlPfPPOptOut,PfPPOptOut,DropDownList,,,,,,,"1.)Proc name:usp_Select_ListPowerPacOptOut, Key name:PPOPTOUT, Paramater:Null",,,
PFPolicyInput.aspx,LobCP,pnlClasRatedMain,pnlClasRated, SYSTEMS POWER PAC COVERAGE,,pnlClasRated,,ExpandCollapsePanelItem,,,,,,"pnlClasRated.InitialClientVisibility = True
pnlClasRated.InitialClientVisibility = True
pnlClasRated.InitialClientVisibility = False",,,,
PFPolicyInput.aspx,LobCP,pnlClasRatedMain,pnlClasRated, CLAS Rated Details,1.)Limits,lClasLimit,,label,,,,,,,,,,
PFPolicyInput.aspx,LobCP,pnlClasRatedMain,pnlClasRated, CLAS Rated Details,1.)Spoilage Limit,txtPfPPSplLim,PfPPSplLim,TextBox,, 8," 0-9,",,"1.) ""Coverage is included at $250,000. Enter TOTAL Limit for Spoilage.""",,,,,
PFPolicyInput.aspx,LobCP,pnlClasRatedMain,pnlClasRated, CLAS Rated Details,1.)Deductibles,lClasDeduct,,label,,,,,,,,,,
PFPolicyInput.aspx,LobCP,pnlClasRatedMain,pnlClasRated, CLAS Rated Details,1.)Combined All Coverages,ddlPfPPClsRtCmbnInd,PfPPClsRtCmbnInd,DropDownList,,,,,"1.) ""Enter Combined deductible""",,"1.)Proc name:SELECT Help_Value, Help_Desc FROM Pf_PP_ClasRtd_CmbDed_2006, Key name:PfPPClasRtdCmbDed2006, Paramater:Null",,,
PFPolicyInput.aspx,LobCP,pnlClasRatedMain,pnlClasRated, CLAS Rated Details,1.)Direct Coverages,ddlPfPPClsRtDrctInd,PfPPClsRtDrctInd,DropDownList,,,,,"1.) ""Enter direct deductible""",,"1.)Proc name:SELECT Help_Value, Help_Desc FROM Pf_PP_ClsRtd_DrctCvg_2006, Key name:PfPPClsRtdDrctCvg2006, Paramater:Null",,,
PFPolicyInput.aspx,LobCP,pnlClasRatedMain,pnlClasRated, CLAS Rated Details,1.)Indirect Coverages,ddlPfPPClsRtIndrctInd,PfPPClsRtIndrctInd,DropDownList,,,,,"1.) ""Enter indirect deductible""",,"1.)Proc name:SELECT Help_Value, Help_Desc FROM Pf_PP_ClsRtd_IndrctCvg_2006, Key name:PfPPClsRtdIndrctCvg2006, Paramater:Null",,,
PFPolicyInput.aspx,LobCP,pnlClasRatedMain,pnlClasRated, CLAS Rated Details,1.)Spoilage,ddlPfPPClsRtSplgInd,PfPPClsRtSplgInd,DropDownList,,,,,"1.) ""Enter Spoilage deductible""",,"1.)Proc name:SELECT Help_Value, Help_Desc FROM PF_PP_ClsRtd_Splg_2006, Key name:PFPPClsRtdSplg2006, Paramater:Null",,,
PFPolicyInput.aspx,LobCP,pnlClasRatedMain,pnlClasRated, CLAS Rated Details,1.)Electrical Generating Equipment,lClasEGE,,label,,,,,,,,,,
PFPolicyInput.aspx,LobCP,pnlClasRatedMain,pnlClasRated, CLAS Rated Details,1.)Direct Coverages,ddlPfClsRtElctGenEquipDrctInd,PfClsRtElctGenEquipDrctInd,DropDownList,,,,,"1.) ""Enter electrical generating equuipment direct deductible""",,"1.)Proc name:SELECT Help_Value, Help_Desc FROM Pf_PP_ClsRtd_DrctEGEN_2011, Key name:PfPPClsRtdDrctEGEN2011, Paramater:Null",,,
PFPolicyInput.aspx,LobCP,pnlClasRatedMain,pnlClasRated, CLAS Rated Details,1.)Indirect Coverages,ddlPfClsRtElctGenEquipIndrctInd,PfClsRtElctGenEquipIndrctInd,DropDownList,,,,,"1.) ""Enter electrical generating equuipment indirect deductible""",,"1.)Proc name:SELECT Help_Value, Help_Desc FROM Pf_PP_ClsRtd_IndrctEgen_2011, Key name:PfPPClsRtdIndrctEgen2011, Paramater:Null",,,
PFPolicyInput.aspx,LobCP,pnlClasRatedMain,pnlClasRated, CLAS Rated Details,1.)Deductilbe Override/Change Reasons,lClasReason,,label,,,,,,,,,,
PFPolicyInput.aspx,LobCP,pnlClasRatedMain,pnlClasRated, CLAS Rated Details,1.)Override Reason,ddlPfPPClsRtDedDocInd,PfPPClsRtDedDocInd,DropDownList,,,,,"1.) ""Enter Deductible Override Reason""",,"1.)Proc name:SELECT Help_Value, Help_Desc FROM Pf_PP_ClsRts_DedOvrdRsn_2006, Key name:PfPPClsRtsDedOvrdRsn2006, Paramater:Null",,,
PFPolicyInput.aspx,LobCP,pnlHSBRatedMain,pnlHSBRated, SYSTEMS POWER PAC COVERAGE,,pnlHSBRated,,ExpandCollapsePanelItem,,,,,,"pnlHSBRated.InitialClientVisibility = True
pnlHSBRated.InitialClientVisibility = False",,,,
PFPolicyInput.aspx,LobCP,pnlHSBRatedMain,pnlHSBRated, HSB Rated Details,1.)HSB Premium,txtPfPPHSBPrem,PfPPHSBPrem,TextBox,, 8," 0-9,",,"1.) ""Enter HSB Rated Premium for the Entire Policy.""",,,,,
PFPolicyInput.aspx,LobCP,pnlHSBRatedMain,pnlHSBRated, HSB Rated Details,1.)HSB Limits,lHSBLimit,,label,,,,,,,,,,
PFPolicyInput.aspx,LobCP,pnlHSBRatedMain,pnlHSBRated, HSB Rated Details,1.)Equipment Breakdown ,cboPfPPHSBEqpBdLmt,PfPPHSBEqpBdLmt,ComboBox,,," 0-9,",,"1.) ""Enter Power Pac HSB Equipment Breakdown Limit or choose from the dropdown""",,,,,
PFPolicyInput.aspx,LobCP,pnlHSBRatedMain,pnlHSBRated, HSB Rated Details,1.)Business Income,cboPfPPHSBBincLmt,PfPPHSBBincLmt,ComboBox,,," 0-9,",,"1.) ""Enter Power Pac HSB Business Income Limit or choose from the dropdown""",,,,,
PFPolicyInput.aspx,LobCP,pnlHSBRatedMain,pnlHSBRated, HSB Rated Details,1.)Extra Expense,cboPfPPHSBExxpLmt,PfPPHSBExxpLmt,ComboBox,,," 0-9,",,"1.) ""Enter Power Pac HSB Extra Expense Limit or choose from the dropdown""",,,,,
PFPolicyInput.aspx,LobCP,pnlHSBRatedMain,pnlHSBRated, HSB Rated Details,1.)Expediting Expense,cboPfPPHSBExpdExpLmt,PfPPHSBExpdExpLmt,ComboBox,,," 0-9,",,"1.) ""Enter Power Pac HSB Expediting Expense Limit or choose from the dropdown""",,,,,
PFPolicyInput.aspx,LobCP,pnlHSBRatedMain,pnlHSBRated, HSB Rated Details,1.)Hazardous Substance,cboPfPPHSBHzSbstLmt,PfPPHSBHzSbstLmt,ComboBox,,," 0-9,",,"1.) ""Enter Power Pac HSB Hazardous Substance Limit or choose from the dropdown""",,,,,
PFPolicyInput.aspx,LobCP,pnlHSBRatedMain,pnlHSBRated, HSB Rated Details,1.)Spoilage,cboPfPPHSBSplgLmt,PfPPHSBSplgLmt,ComboBox,,," 0-9,",,"1.) ""Enter Power Pac HSB Spoilage Limit or choose from the dropdown""",,,,,
PFPolicyInput.aspx,LobCP,pnlHSBRatedMain,pnlHSBRated, HSB Rated Details,1.)Service Interruption,cboPfPPHSBSrvIntLmt,PfPPHSBSrvIntLmt,ComboBox,,," 0-9,",,"1.) ""Enter Power Pac HSB Service Interuption Limit or choose from the dropdown""",,,,,
PFPolicyInput.aspx,LobCP,pnlHSBRatedMain,pnlHSBRated, HSB Rated Details,1.)Other Conditions,chkPfPPHSBOthCndInd,PfPPHSBOthCndInd,CheckBox,,,,,"1.) ""Check box if other conditions apply. Complete conditions in form CP 7602.""",,,Y,,
PFPolicyInput.aspx,LobCP,pnlHSBSpecEquipExcMain,pnlHSBSpecEquipExc, HSB Rated Details,,pnlHSBSpecEquipExc,,ExpandCollapsePanelItem,,,,,,,,,,
PFPolicyInput.aspx,LobCP,pnlHSBSpecEquipExcMain,pnlHSBSpecEquipExc, Specific Equipment Exceptions,1.)Combined All Coverages,chkComb,"1.)PfPolPPCmbDedCd
2.)PfPolPPOverride",CheckBox,,,,,"1.) ""Select to choose a deductible to apply to All coverages""",,,,,
PFPolicyInput.aspx,LobCP,pnlHSBSpecEquipExcMain,pnlHSBSpecEquipExc, Specific Equipment Exceptions,,ddlCombDed,PfPolPPCmbDedCd,DropDownList,,,,,"1.) ""Select amount of deductible for All coverages""",,,,,
PFPolicyInput.aspx,LobCP,pnlHSBSpecEquipExcMain,pnlHSBSpecEquipExc, Specific Equipment Exceptions,1.)Direct Coverages,chkDir,"1.)PfPolPPDDedCd
2.)PfPolPPOverride",CheckBox,,,,,"1.) ""Select to choose a deductible to apply to Direct coverages""",,,,,
PFPolicyInput.aspx,LobCP,pnlHSBSpecEquipExcMain,pnlHSBSpecEquipExc, Specific Equipment Exceptions,,ddlDirDed,PfPolPPDDedCd,DropDownList,,,,,"1.) ""Select amount of Direct Coverage deductible""",,,,,
PFPolicyInput.aspx,LobCP,pnlHSBDirectDeductMain,pnlHSBDirectDeduct, Specific Equipment Exceptions,,pnlHSBDirectDeduct,,ExpandCollapsePanelItem,,,,,,"pnlHSBDirectDeduct.InitialClientVisibility = False
pnlHSBDirectDeduct.InitialClientVisibility = True
pnlHSBDirectDeduct.InitialClientVisibility = False",,,,
PFPolicyInput.aspx,LobCP,pnlHSBDirectDeductMain,pnlHSBDirectDeduct, Direct Coverages,,chkDAir,PfPolPPDACDedCd,CheckBox,,,,,"1.) ""Select to choose a deductible to apply to Air Conditioning coverages""",,,,,
PFPolicyInput.aspx,LobCP,pnlHSBDirectDeductMain,pnlHSBDirectDeduct, Direct Coverages,1.)Air Conditioning Systems,ddlDAirDed,PfPolPPDACDedCd,DropDownList,,,,,"1.) ""Select amount of Direct Coverage deductible for Air Conditioning""",,,,,
PFPolicyInput.aspx,LobCP,pnlHSBDirectDeductMain,pnlHSBDirectDeduct, Direct Coverages,,chkDBoil,PfPolPPDBlrDedCd,CheckBox,,,,,"1.) ""Select to choose a deductible to apply to Boiler coverages""",,,,,
PFPolicyInput.aspx,LobCP,pnlHSBDirectDeductMain,pnlHSBDirectDeduct, Direct Coverages,1.)Boilers,ddlDBoilDed,PfPolPPDBlrDedCd,DropDownList,,,,,"1.) ""Select amount of Direct Coverage deductible for Boilers""",,,,,
PFPolicyInput.aspx,LobCP,pnlHSBDirectDeductMain,pnlHSBDirectDeduct, Direct Coverages,,chkDDiagEq,PfPolPPDDigDedCd,CheckBox,,,,,"1.) ""Select to choose a deductible to apply to Diagnostic Equipment coverages""",,,,,
PFPolicyInput.aspx,LobCP,pnlHSBDirectDeductMain,pnlHSBDirectDeduct, Direct Coverages,1.)Diagnostic Equipment,ddlDDiagEqDed,PfPolPPDDigDedCd,DropDownList,,,,,"1.) ""Select amount of Direct Coverage deductible for Diagnostic Equipment""",,,,,
PFPolicyInput.aspx,LobCP,pnlHSBDirectDeductMain,pnlHSBDirectDeduct, Direct Coverages,,chkDElecGen,PfPolPPDElcDedCd,CheckBox,,,,,"1.) ""Select to choose a deductible to apply to Electric Generator coverages""",,,,,
PFPolicyInput.aspx,LobCP,pnlHSBDirectDeductMain,pnlHSBDirectDeduct, Direct Coverages,1.)Electrical Generators,ddlDElecGenDed,PfPolPPDElcDedCd,DropDownList,,,,,"1.) ""Select amount of Direct Coverage deductible for Electric Generators""",,,,,
PFPolicyInput.aspx,LobCP,pnlHSBDirectDeductMain,pnlHSBDirectDeduct, Direct Coverages,,chkDPress,PfPolPPDPrsDedCd,CheckBox,,,,,"1.) ""Select to choose a deductible to apply to Press coverages""",,,,,
PFPolicyInput.aspx,LobCP,pnlHSBDirectDeductMain,pnlHSBDirectDeduct, Direct Coverages,1.)Presses,ddlDPressDed,PfPolPPDPrsDedCd,DropDownList,,,,,"1.) ""Select amount of Direct Coverage deductible for Presses""",,,,,
PFPolicyInput.aspx,LobCP,pnlHSBDirectDeductMain,pnlHSBDirectDeduct, Direct Coverages,,chkDRefrig,PfPolPPDRfgDedCd,CheckBox,,,,,"1.) ""Select to choose a deductible to apply to Refrigeration System coverages""",,,,,
PFPolicyInput.aspx,LobCP,pnlHSBDirectDeductMain,pnlHSBDirectDeduct, Direct Coverages,1.)Refrigeration Systems,ddlDRefrigDed,PfPolPPDRfgDedCd,DropDownList,,,,,"1.) ""Select amount of Direct Coverage deductible for Refrigeration Systems""",,,,,
PFPolicyInput.aspx,LobCP,pnlHSBDirectDeductMain,pnlHSBDirectDeduct, Direct Coverages,,chkDTrans,PfPolPPDTrnDedCd,CheckBox,,,,,"1.) ""Select to choose a deductible to apply to Transformer coverages""",,,,,
PFPolicyInput.aspx,LobCP,pnlHSBDirectDeductMain,pnlHSBDirectDeduct, Direct Coverages,1.)Transformers,ddlDTransDed,PfPolPPDTrnDedCd,DropDownList,,,,,"1.) ""Select amount of Direct Coverage deductible for Transformers""",,,,,
PFPolicyInput.aspx,LobCP,pnlHSBDirectDeductMain,pnlHSBDirectDeduct, Direct Coverages,,chkDTurb,PfPolPPDTrbDedCd,CheckBox,,,,,"1.) ""Select to choose a deductible to apply to Turbine coverages""",,,,,
PFPolicyInput.aspx,LobCP,pnlHSBDirectDeductMain,pnlHSBDirectDeduct, Direct Coverages,1.)Turbines,ddlDTurbDed,PfPolPPDTrbDedCd,DropDownList,,,,,"1.) ""Select amount of Direct Coverage deductible for Turbines""",,,,,
PFPolicyInput.aspx,LobCP,pnlHSBDirectDeductMain,pnlHSBDirectDeduct, Direct Coverages,,chkDSpec,PfPolPPDSpeDedCd,CheckBox,,,,,"1.) ""Select to choose a deductible to apply to Specified Equipment""",,,,,
PFPolicyInput.aspx,LobCP,pnlHSBDirectDeductMain,pnlHSBDirectDeduct, Direct Coverages,1.)Specified Equipment,ddlDSpecDed,PfPolPPDSpeDedCd,DropDownList,,,,,"1.) ""Select amount of Direct Coverage deductible for Specified Equipment""",,,,,
PFPolicyInput.aspx,LobCP,pnlHSBDirectDeductMain,pnlHSBDirectDeduct, Direct Coverages,,chkDMach,PfPolPPDMacDedCd,CheckBox,,,,,"1.) ""Select to choose a deductible to apply to Production Machinery""",,,,,
PFPolicyInput.aspx,LobCP,pnlHSBDirectDeductMain,pnlHSBDirectDeduct, Direct Coverages,1.)Production Machinery,ddlDPrdMach,PfPolPPDMacDedCd,DropDownList,,,,,"1.) ""Select amount of Direct Coverage deductible for Production Machinery""",,,,,
PFPolicyInput.aspx,LobCP,pnlHSBDirectDeductMain,pnlHSBDirectDeduct, Direct Coverages,,chkDEgen,PfPolEbHSBDEGEDedCd,CheckBox,,,,,"1.) ""Select to choose a deductible to apply to Electical Generating Equipment""",,,,,
PFPolicyInput.aspx,LobCP,pnlHSBDirectDeductMain,pnlHSBDirectDeduct, Direct Coverages,1.)Electrical Generating Equipment,ddlDEGenEquip,PfPolEbHSBDEGEDedCd,DropDownList,,,,,"1.) ""Select amount of Direct Coverage deductible for Electrical Generating Equipment""",,,,,
PFPolicyInput.aspx,LobCP,pnlHSBSpecEquipExcMain,pnlHSBSpecEquipExc, Specific Equipment Exceptions,1.)Indirect Coverages,chkInd,"1.)PfPolPPIDedCd
2.)PfPolPPOverride",CheckBox,,,,,"1.) ""Select to choose a deductible to apply to Indirect coverages""",,,,,
PFPolicyInput.aspx,LobCP,pnlHSBSpecEquipExcMain,pnlHSBSpecEquipExc, Specific Equipment Exceptions,,ddlIndDed,PfPolPPIDedCd,DropDownList,,,,,"1.) ""Select amount of Indirect Coverage deductible""",,,,,
PFPolicyInput.aspx,LobCP,pnlHSBIndirectDeductMain,pnlHSBIndirectDeduct, Specific Equipment Exceptions,,pnlHSBIndirectDeduct,,ExpandCollapsePanelItem,,,,,,"pnlHSBIndirectDeduct.InitialClientVisibility = False
pnlHSBIndirectDeduct.InitialClientVisibility = True
pnlHSBIndirectDeduct.InitialClientVisibility = False",,,,
PFPolicyInput.aspx,LobCP,pnlHSBIndirectDeductMain,pnlHSBIndirectDeduct, Indirect Coverages,,chkIAir,PfPolPPIACDedCd,CheckBox,,,,,"1.) ""Select to choose a deductible to apply to Air Conditioning coverages""",,,,,
PFPolicyInput.aspx,LobCP,pnlHSBIndirectDeductMain,pnlHSBIndirectDeduct, Indirect Coverages,1.)Air Conditioning Systems,ddlIAirDed,PfPolPPIACDedCd,DropDownList,,,,,"1.) ""Select amount of Indirect Coverage deductible for Air Conditioning""",,,,,
PFPolicyInput.aspx,LobCP,pnlHSBIndirectDeductMain,pnlHSBIndirectDeduct, Indirect Coverages,,chkIBoil,PfPolPPIBlrDedCd,CheckBox,,,,,"1.) ""Select to choose a deductible to apply to Boiler coverages""",,,,,
PFPolicyInput.aspx,LobCP,pnlHSBIndirectDeductMain,pnlHSBIndirectDeduct, Indirect Coverages,1.)Boilers,ddlIBoilDed,PfPolPPIBlrDedCd,DropDownList,,,,,"1.) ""Select amount of Indirect Coverage deductible for Boilers""",,,,,
PFPolicyInput.aspx,LobCP,pnlHSBIndirectDeductMain,pnlHSBIndirectDeduct, Indirect Coverages,,chk,,CheckBox,,,,,,,,Y,,
PFPolicyInput.aspx,LobCP,pnlHSBIndirectDeductMain,pnlHSBIndirectDeduct, Indirect Coverages,,lchk,,label,,,,,,,,,,
PFPolicyInput.aspx,LobCP,pnlHSBIndirectDeductMain,pnlHSBIndirectDeduct, Indirect Coverages,,ddl,,DropDownList,,,,,,,,,,
PFPolicyInput.aspx,LobCP,pnlHSBIndirectDeductMain,pnlHSBIndirectDeduct, Indirect Coverages,,chkIElecGen,PfPolPPIElcDedCd,CheckBox,,,,,"1.) ""Select to choose a deductible to apply to Electric Generator coverages""",,,,,
PFPolicyInput.aspx,LobCP,pnlHSBIndirectDeductMain,pnlHSBIndirectDeduct, Indirect Coverages,1.)Electrical Generators,ddlIElecGenDed,PfPolPPIElcDedCd,DropDownList,,,,,"1.) ""Select amount of Indirect Coverage deductible for Electric Generators""",,,,,
PFPolicyInput.aspx,LobCP,pnlHSBIndirectDeductMain,pnlHSBIndirectDeduct, Indirect Coverages,,chkIPress,PfPolPPIPrsDedCd,CheckBox,,,,,"1.) ""Select to choose a deductible to apply to Press coverages""",,,,,
PFPolicyInput.aspx,LobCP,pnlHSBIndirectDeductMain,pnlHSBIndirectDeduct, Indirect Coverages,1.)Presses,ddlIPressDed,PfPolPPIPrsDedCd,DropDownList,,,,,"1.) ""Select amount of Indirect Coverage deductible for Presses""",,,,,
PFPolicyInput.aspx,LobCP,pnlHSBIndirectDeductMain,pnlHSBIndirectDeduct, Indirect Coverages,,chkIRefrig,PfPolPPIRfgDedCd,CheckBox,,,,,"1.) ""Select to choose a deductible to apply to Refrigeration System coverages""",,,,,
PFPolicyInput.aspx,LobCP,pnlHSBIndirectDeductMain,pnlHSBIndirectDeduct, Indirect Coverages,1.)Refrigeration Systems,ddlIRefrigDed,PfPolPPIRfgDedCd,DropDownList,,,,,"1.) ""Select amount of Indirect Coverage deductible for Refrigeration Systems""",,,,,
PFPolicyInput.aspx,LobCP,pnlHSBIndirectDeductMain,pnlHSBIndirectDeduct, Indirect Coverages,,chkITrans,PfPolPPITrnDedCd,CheckBox,,,,,"1.) ""Select to choose a deductible to apply to Transformer coverages""",,,,,
PFPolicyInput.aspx,LobCP,pnlHSBIndirectDeductMain,pnlHSBIndirectDeduct, Indirect Coverages,1.)Transformers,ddlITransDed,PfPolPPITrnDedCd,DropDownList,,,,,"1.) ""Select amount of Indirect Coverage deductible for Transformers""",,,,,
PFPolicyInput.aspx,LobCP,pnlHSBIndirectDeductMain,pnlHSBIndirectDeduct, Indirect Coverages,,chkITurb,PfPolPPITrbDedCd,CheckBox,,,,,"1.) ""Select to choose a deductible to apply to Turbine coverages""",,,,,
PFPolicyInput.aspx,LobCP,pnlHSBIndirectDeductMain,pnlHSBIndirectDeduct, Indirect Coverages,1.)Turbines,ddlITurbDed,PfPolPPITrbDedCd,DropDownList,,,,,"1.) ""Select amount of Indirect Coverage deductible for Turbines""",,,,,
PFPolicyInput.aspx,LobCP,pnlHSBIndirectDeductMain,pnlHSBIndirectDeduct, Indirect Coverages,,chkISpec,PfPolPPISpeDedCd,CheckBox,,,,,"1.) ""Select to choose a deductible to apply to Specified Equipment""",,,,,
PFPolicyInput.aspx,LobCP,pnlHSBIndirectDeductMain,pnlHSBIndirectDeduct, Indirect Coverages,1.)Specified Equipment,ddlISpecDed,PfPolPPISpeDedCd,DropDownList,,,,,"1.) ""Select amount of Indirect Coverage deductible for Specified Equipment""",,,,,
PFPolicyInput.aspx,LobCP,pnlHSBIndirectDeductMain,pnlHSBIndirectDeduct, Indirect Coverages,,chkIMach,PfPolPPIMacDedCd,CheckBox,,,,,"1.) ""Select to choose a deductible to apply to Production Machinery""",,,,,
PFPolicyInput.aspx,LobCP,pnlHSBIndirectDeductMain,pnlHSBIndirectDeduct, Indirect Coverages,1.)Production Machinery,ddlIPrdMach,PfPolPPIMacDedCd,DropDownList,,,,,"1.) ""Select amount of Indirect Coverage deductible for Production Machinery""",,,,,
PFPolicyInput.aspx,LobCP,pnlHSBIndirectDeductMain,pnlHSBIndirectDeduct, Indirect Coverages,,chkIEgen,PfPolHSBIEGEDedCd,CheckBox,,,,,"1.) ""Select to choose a deductible to apply to Electical Generating Equipment""",,,,,
PFPolicyInput.aspx,LobCP,pnlHSBIndirectDeductMain,pnlHSBIndirectDeduct, Indirect Coverages,1.)Electrical Generating Equipment,ddlIEGenEquip,PfPolHSBIEGEDedCd,DropDownList,,,,,"1.) ""Select amount of Indirect Coverage deductible for Electrical Generating Equipment""",,,,,
PFPolicyInput.aspx,LobCP,pnlHSBSpecEquipExcMain,pnlHSBSpecEquipExc, Specific Equipment Exceptions,1.)Spoilage Deductible,chkSplg,"1.)PfPolPSplDedCd
2.)PfPolPPOverride",CheckBox,,,,,"1.) ""Select to choose a deductible to apply to Spoilage coverages""",,,,,
PFPolicyInput.aspx,LobCP,pnlHSBSpecEquipExcMain,pnlHSBSpecEquipExc, Specific Equipment Exceptions,,ddlSplgDed,PfPolPSplDedCd,DropDownList,,,,,"1.) ""Select amount of Spoilage deductible""",,,,,
PFPolicyInput.aspx,LobCP,pnlPFPolicy,pnlElitePac, SYSTEMS POWER PAC COVERAGE,,pnlElitePac,,ExpandCollapsePanelItem,,,,,,,,,,
PFPolicyInput.aspx,LobCP,pnlPFPolicy,pnlElitePac, EXTENSION OPTIONS (Listed in order of broadest coverage),1.)Extension Options,propertyElitePac,PFElitePac2015,DropDownList,1.) True,,,,,,,,,
PFPolicyInput.aspx,LobCP,pnlPFPolicy,pnlElitePac, EXTENSION OPTIONS (Listed in order of broadest coverage),,eliteHelp,,label,,,,,,,,,,
PFPolicyInput.aspx,LobCP,pnlPFPolicy,pnlElitePac, EXTENSION OPTIONS (Listed in order of broadest coverage),1.)Refer to Section Help 'i' for coverage information,extensionHelpMessage,,label,,,,,,,,,,
PFPolicyInput.aspx,LobCP,pnlPFPolicy,pnlElitePac, EXTENSION OPTIONS (Listed in order of broadest coverage),1.)Building and/or BPP and/or Tenants Improvements and Betterments is required to be written for the Extension Options to be available,eliteInformation,,label,,,,,,,,,,
PFPolicyInput.aspx,LobCP,pnlPFPolicy,pnlPolOptCoverExten,Optional Coverages,,pnlPolOptCoverExten,,ExpandCollapsePanelItem,,,,,,,,,,
PFPolicyInput.aspx,LobCP,OptCoverExten,pnlPFCampground,Optional Coverages,,pnlPFCampground,,StackingPanelItem.ContentTypes.NoContent,,,,,"1.) ""Check box if Campground Extension applies.""",,,,,
PFPolicyInput.aspx,LobCP,OptCoverExten,pnlPFVAPollution,Optional Coverages,,pnlPFVAPollution,,StackingPanelItem.ContentTypes.NoContent,,,,,"1.) ""Check box if Pollution coverage applies to Ordinance or Law coverage.""",,,,,
PFPolicyInput.aspx,LobCP,OptCoverExten,pnlPayrollExpense,Optional Coverages,,pnlPayrollExpense,,StackingPanelItem.ContentTypes.SubContent,,,,,"1.) "" Check box if Business Income Discretionary Payroll Expense is requested""",,,,,
PFPolicyInput.aspx,LobCP,OptCoverExten,pnlPayrollExpense,Optional Coverages,1.)Business Income Discretionary Payroll Expense,ddlPayrollExp,PfPolBincDiscPyrllExp,DropDownList,,,,,"1.) ""Select Business Income Discretionary Payroll Expense""",,,,,
PFPolicyInput.aspx,LobCP,OptCoverExten,pnlOrdinaryPayRoll,Optional Coverages,,pnlOrdinaryPayRoll,,StackingPanelItem.ContentTypes.SubContent,,,,,"1.) "" Check box if Business Income Ordinary Payroll Limitation or Exclusion is requested""",,,,,
PFPolicyInput.aspx,LobCP,OptCoverExten,pnlOrdinaryPayRoll,Optional Coverages,"1.)Business Income - Payroll Limitation Or Exclusion
2.)Business Income - Ordinary Payroll Limitation or Exclusion",ddlOrdPayRlLmtn,PfPolBincOrdPayrll,DropDownList,,,,,"1.) ""Select Ordinary Payroll Limitation or Exclusion""",,,,,
PFPolicyInput.aspx,LobCP,OptCoverExten,pnlClubProfessional,Optional Coverages,,pnlClubProfessional,,StackingPanelItem.ContentTypes.SubContent,,,,,,,,,,
PFPolicyInput.aspx,LobCP,OptCoverExten,pnlClubProfessional,Optional Coverages,1.)Club Professional,txtPfClubProf,PfClubProf,TextBox,, 3, 0-9,,"1.) ""Enter the Number of Club Professionals.""",,,,,
PFPolicyInput.aspx,LobCP,OptCoverExten,pnlClubProfessional,Optional Coverages,"1.)The $50,000 limit applies per person and cannot be amended.",ddlPfClubProfLmt,LIMIT_1,DropDownList,,,,,"1.) ""Select the Club Professionals limit/aggregate limit.""",,,,,
PFPolicyInput.aspx,LobCP,OptCoverExten,pnlCrisisResponse,Optional Coverages,,pnlCrisisResponse,,StackingPanelItem,,,,,,,,,,
PFPolicyInput.aspx,LobCP,OptCoverExten,pnlCrisisResponse,Optional Coverages,1.)Business Income/Extra Expense (occur/agg),ddlCRBIEELmt,,DropDownList,,,,,"1.) ""Select the Crisis Incident Business Income occurrence limit/aggregate limit.""",,"1.)Proc name:usp_Select_CrisisResponseBIEELmt, Key name:CrimeResponse, Paramater:Null",,,
PFPolicyInput.aspx,LobCP,OptCoverExten,pnlCrisisResponse,Optional Coverages,1.)Counseling Expense (occur/agg),txtCRCICEtxt,Check in the Javascript file,TextBox,, 20,,,"1.) ""Crisis Incident Counseling Expense limit is determined by Crisis Incident Business Income Limits.""",,,,,
PFPolicyInput.aspx,LobCP,OptCoverExten,pnlElite,Optional Coverages,,pnlElite,,StackingPanelItem.ContentTypes.SubContent,,,,,,,,,,
PFPolicyInput.aspx,LobCP,OptCoverExten,pnlElite,Optional Coverages,1.)ElitePac / Enhancement Options,ddlPFElite,PfMisc4,DropDownList,,,,,,,,,,
PFPolicyInput.aspx,LobCP,OptCoverExten,pnlFireDepartment,Optional Coverages,,pnlFireDepartment,,StackingPanelItem.ContentTypes.SubContent,,,,,"1.) "" Select for Fire Dept Service Charge increased limits. $1,000 included automatically.""",,,,,
PFPolicyInput.aspx,LobCP,OptCoverExten,pnlFireDepartment,Optional Coverages,1.)Limit,txtPfPolFireDptLimit,PfPolFireDptLimit,TextBox,, 10, 0-9,,,,,,,
PFPolicyInput.aspx,LobCP,OptCoverExten,pnlGreenPac,Optional Coverages,,pnlGreenPac,,StackingPanelItem,,,,,,,,,,
PFPolicyInput.aspx,LobCP,OptCoverExten,pnlGreenPac,Optional Coverages,1.)Property Increased Cost (Occur/Aggr),ddlGreenPacICLmt,PFGreenPacIcFlat,DropDownList,,,,,"1.) ""Select the Property Increased Costs Occurrence Limit/Aggregate Limit.""",,"1.)Proc name:usp_Select_ListGreenPacIncCover, Key name:GreenPacICC, Paramater:Null",,,
PFPolicyInput.aspx,LobCP,OptCoverExten,pnlGreenPac,Optional Coverages,1.)Soft Costs (Occur/Aggr),ddlGreenPacSCLmt,PFGreenPacScFlat,DropDownList,,,,,"1.) ""Select the Soft Costs Occurrence Limit/Aggregate Limit.""",,"1.)Proc name:usp_Select_ListGreenPacSoftCosts, Key name:GreenPacSC, Paramater:Null",,,
PFPolicyInput.aspx,LobCP,OptCoverExten,pnlKeyEmployee,Optional Coverages,,pnlKeyEmployee,,StackingPanelItem.ContentTypes.SubContent,,,,,,,,,,
PFPolicyInput.aspx,LobCP,OptCoverExten,pnlKeyEmployee,Optional Coverages,1.)Key Employee Coverage,txtPfKeyEmpl,PfKeyEmpl,TextBox,, 3, 0-9,,"1.) ""Enter the Number of Key Employees.""",,,,,
PFPolicyInput.aspx,LobCP,OptCoverExten,pnlKeyEmployee,Optional Coverages,"1.)The $50,000 limit applies per person and cannot be amended.",ddlPfKeyEmplLmt,LIMIT_1,DropDownList,,,,,"1.) ""Select the Key Employee limit/aggregate limit.""",,"1.)Proc name:usp_Select_ClubProfLimits, Key name:EmployeeLimit, Paramater:Null",,,
PFPolicyInput.aspx,LobCP,,,,,hidGreenPacICOccur,,HiddenField,,,,,,,,,,
PFPolicyInput.aspx,LobCP,,,,,hidGreenPacICAggr,,HiddenField,,,,,,,,,,
PFPolicyInput.aspx,LobCP,,,,,hidGreenPacSCOccur,,HiddenField,,,,,,,,,,
PFPolicyInput.aspx,LobCP,,,,,hidGreenPacSCAggr,,HiddenField,,,,,,,,,,
PFPolicyInput.aspx,LobCP,,,,,hidCRBIEELmtOccur,,HiddenField,,,,,,,,,,
PFPolicyInput.aspx,LobCP,,,,,hidCRBIEELmtAggr,,HiddenField,,,,,,,,,,
PFPolicyInput.aspx,LobCP,,,,,hidCRCICLmtOccur,,HiddenField,,,,,,,,,,
PFPolicyInput.aspx,LobCP,,,,,hidCRCICLmtAggr,,HiddenField,,,,,,,,,,
PFPolicyInput.aspx,LobCP,,,,,hdnWalkThruAll,,HiddenField,,,,,,,,,,
PFPolicyInput.aspx,LobCP,,,,,hidNoOfBlankets,,HiddenField,,,,,,,,,,
PFPolicyInput.aspx,LobCP,,,,,hidIsAutoWalkThruEligible,,HiddenField,,,,,,,,,,
PFPolicyInput.aspx,LobCP,,,,,HiddenPfPreviousElitepacValue,,HiddenField,,,,,,,,,,
